bucket,n,avg_days,avg_gross_bp,avg_net_bp,avg_net_return_bp,median_net_bp,hit_rate_pct,avg_costs_bp
5-10%,24,30.333333333333332,265.61099928390155,203.59820233681668,203.5982023368167,-65.52911749165439,41.66666666666667,50.57647416252347
10-15%,10,32.9,943.6248922998677,880.6637860005393,880.6637860005391,447.97462912493074,70.0,50.63288639513716
15-25%,4,31.75,226.3250864301762,163.77451613138254,163.77451613138254,-15.036863789568095,50.0,50.597452923319494
