horizon_d,n,avg_fwd_ret,median_fwd_ret,hit_rate,avg_cheap_decay_pp
5,943,0.46907538371834134,0.0,42.3117709437964,-0.17510540402175656
20,739,1.8993656590437917,0.4464285714285714,53.58592692828146,-0.3400906576987333
60,459,7.121337355150643,5.995203836930456,71.0239651416122,-0.8079520390071436
