n_trades,38.0
win_rate_pct,50.0
avg_net_return_bp,377.58138896354
median_net_return_bp,13.611284933485994
avg_days_held,31.157894736842106
avg_gross_pnl_jpy,4399003.487245532
avg_net_pnl_jpy,3775813.8896354004
avg_costs_jpy,505935.27777505596
total_net_pnl_jpy,143480927.80614522
