bucket,n,avg_days,avg_gross_bp,avg_net_bp,avg_net_return_bp,median_net_bp,hit_rate_pct,avg_costs_bp
5-10%,24,30.333333333333332,267.98650073769835,205.95939520309233,205.95939520309233,-65.41380041044631,41.66666666666667,50.28977946305372
10-15%,10,32.9,989.7363474744875,926.7798862169761,926.7798862169763,505.8744099672092,70.0,50.396007279240806
15-25%,4,31.75,243.86792924755207,181.37617605176038,181.3761760517604,-7.693438159939269,50.0,50.69681690789577
