n_trades,77.0
win_rate_pct,51.94805194805194
avg_net_return_bp,378.13571009997935
median_net_return_bp,5.244868552978815
avg_days_held,45.48051948051948
avg_gross_pnl_jpy,3959514.6763598835
avg_net_pnl_jpy,3781357.1009997935
avg_costs_jpy,4166.9094106345865
total_net_pnl_jpy,291164496.7769841
