bucket,n,avg_days,avg_gross_bp,avg_net_bp,avg_net_return_bp,median_net_bp,hit_rate_pct,avg_costs_bp
5-10%,59,42.728813559322035,436.78259303505087,419.9565532923058,419.9565532923059,20.28999848979073,55.932203389830505,0.29877002625873583
10-15%,7,53.714285714285715,761.9654437577096,741.0361826112364,741.0361826112365,-5.1773703348290265,42.857142857142854,0.5300808100698264
15-25%,11,55.0,-55.969826127351865,-77.11274952966328,-77.11274952966326,-7.42567867006654,36.36363636363637,0.9770186583756475
